nome;idade;data_nasc;sexo;email;cep;rua;numero;bairro;cidade;estado
Alessandra Evelyn Sebastiana Sales;32;07/03/1990;Feminino;alessandraevelynsales@gerdau.com.br;51240500;Rua Cristino de Castro;735;Ibura;Recife;PE
Alice Regina de Paula;35;14/01/1987;Feminino;alice_regina_depaula@biconsult.com.br;60866-475;Rua 408A;333;Jangurussu;Fortaleza;CE
Amanda Teresinha Stella Monteiro;57;19/06/1965;Feminino;amanda-monteiro76@bat.com;71884-401;Quadra QS 11 Conjunto 1;370;Riacho Fundo II;Brasília;DF
Analu Stella Aragão;66;25/01/1956;Feminino;analustellaaragao@oi15.com.br;68909-853;Avenida Décima Quinta;877;Marabaixo;Macapá;AP
Andreia Helena Sophia Lima;26;17/05/1996;Feminino;andreiahelenalima@lbrazil.com.br;68900760;Passagem Rio Branco;233;Central;Macapá;AP
Anthony Miguel Guilherme Viana;38;13/07/1984;Masculino;anthonymiguelviana@kimmay.com.br;29307001;Escadaria Dois;431;Santa Helena;Cachoeiro de Itapemirim;ES
Aurora Isabella Mirella Galvão;77;14/09/1945;Feminino;aurora_isabella_galvao@capua.com.br;69078090;Travessa Francisco Duarte;491;Japiim;Manaus;AM
Benício Marcos Vinicius Iago das Neves;59;23/08/1963;Masculino;benicio.marcos.dasneves@mls.com.br;57052025;Rua Oldemburgo da Silva Paranhos;986;Pitanguinha;Maceió;AL
Benjamin Raul Castro;68;01/10/1954;Masculino;benjamin.raul.castro@igly.com.br;45600045;Avenida Ilhéus;417;Centro;Itabuna;BA
Bruno Enzo Ian da Rosa;74;20/01/1948;Masculino;bruno.enzo.darosa@sgstelecom.com.br;86082325;Praça Alexandre Santoro;233;Parigot de Souza 2;Londrina;PR
Caleb Bruno João Nunes;66;19/09/1956;Masculino;calebbrunonunes@fredericodiniz.com;62052460;Rua João de Maria Linhares;778;Cohab I;Sobral;CE
Carolina Marlene Giovana Ferreira;27;02/01/1995;Feminino;carolina-ferreira97@mailinator.com;78736098;Rua D;713;Jardim Bispo Pedro Casaldáliga;Rondonópolis;MT
Carolina Vera Teresinha Barbosa;30;27/05/1992;Feminino;carolinaverabarbosa@trbvm.com;69902772;Rua H;879;Placas;Rio Branco;AC
Catarina Alana Rosa Porto;20;01/10/2002;Feminino;catarinaalanaporto@policiamilitar.sp.gov.br;58050-030;Rua Juiz José Saldanha;601;Castelo Branco;João Pessoa;PB
Cauã Roberto Nunes;39;03/07/1983;Masculino;cauarobertonunes@ornatopresentes.com.br;29016160;Ladeira Giuseppe Giovanotti;304;Centro;Vitória;ES
Clara Betina Oliveira;52;21/07/1970;Feminino;clara-oliveira86@galpaoestofados.com.br;58105712;Rua José Maria Alves Pereira;831;Jacaré;Cabedelo;PB
Eduardo Luan Barbosa;49;21/08/1973;Masculino;eduardo_barbosa@yaooh.com;59855-970;Rua Fausto Pinheiro 137;273;Centro;Itaú;RN
Elisa Cláudia Costa;61;08/03/1961;Feminino;elisaclaudiacosta@i9tec.com.br;36608-970;Rua Capitão Avelino Martins 126;530;Centro;Maripá de Minas;MG
Eloá Rita Lavínia Ramos;43;23/07/1979;Feminino;eloa_rita_ramos@albap.com.br;87706-100;Rua Sumaré;290;Jardim Santos Dumont;Paranavaí;PR
Emanuelly Sueli Nascimento;34;05/02/1988;Feminino;emanuelly_nascimento@ciaimoveissjc.com;78150-844;Rua Canarana;376;Santa Isabel;Várzea Grande;MT
Emilly Malu Beatriz Ramos;46;11/02/1976;Feminino;emilly_ramos@lojaprincezinha.com.br;88134111;Rua Jasmim;271;Pacheco;Palhoça;SC
Erick Caio Rodrigues;32;14/05/1990;Masculino;erick-rodrigues76@compuativa.com.br;66815067;Passagem Brasilia;137;Maracacuera (Icoaraci);Belém;PA
Gabrielly Malu Emanuelly Jesus;58;22/01/1964;Feminino;gabrielly.malu.jesus@cathedranet.com.br;69313018;Rua Paricá;796;Jóquei Clube;Boa Vista;RR
Gael Benjamin Lima;19;03/05/2003;Masculino;gael-lima92@eanac.com.br;58400-135;Rua Júlia Barreto de Melo;689;Centro;Campina Grande;PB
Gael Fábio Rodrigo Barros;62;11/02/1960;Masculino;gael-barros78@jovempanfmtaubate.com.br;71536-080;Trecho Trecho 03;282;Setor de Habitações Individuais Norte;Brasília;DF
Heitor Marcelo da Mata;70;15/02/1952;Masculino;heitor_damata@freitasepozzatti.com.br;49008256;Travessa Matapoã II;521;Zona de Expansão (Mosqueiro);Aracaju;SE
Heloise Fabiana Almeida;58;17/05/1964;Feminino;heloise_almeida@facebook.com;38444000;Rua Professora Lourdes Naves;878;Centro;Araguari;MG
Isaac Elias Campos;47;03/10/1975;Masculino;isaaceliascampos@rafaeladson.com;29104-359;Avenida Canal da Costa;304;Ilha dos Bentos;Vila Velha;ES
João Gabriel Novaes;32;02/10/1990;Masculino;joaogabrielnovaes@gruposimoes.com.br;72906035;Quadra Quadra 8;223;Mansões Bittencourt;Santo Antônio do Descoberto;GO
José Pedro Breno Alves;51;19/02/1971;Masculino;jose_pedro_alves@freitasprior.com.br;82540340;Rua Djalma Soares;657;Boa Vista;Curitiba;PR
José Raul Luiz da Costa;27;20/03/1995;Masculino;jose_raul_dacosta@uel.br;78098178;Rua M;939;Pascoal Ramos;Cuiabá;MT
Juliana Jaqueline Melo;36;16/05/1986;Feminino;juliana.jaqueline.melo@diebold.com;49037719;Rua F;489;Aeroporto;Aracaju;SE
Kauê Victor Thomas da Mota;59;21/06/1963;Masculino;kaue_damota@nokia.com;86025670;Rua Doutor Vicente Machado;975;Bom Retiro;Londrina;PR
Laís Beatriz Freitas;32;07/08/1990;Feminino;lais.beatriz.freitas@wwlimpador.com.br;79823-610;Rua Eikishi Sakaguti;546;Altos do Indaiá;Dourados;MS
Larissa Fátima Priscila Assis;72;09/02/1950;Feminino;larissa_assis@hotmnail.com;69918-850;Rua Valdomiro Lopes;850;Conquista;Rio Branco;AC
Laura Nicole Novaes;75;14/03/1947;Feminino;laura-novaes83@dcazzainteriores.com.br;83607-210;Rua Zeferino Marchiorato;972;Vila Elizabeth;Campo Largo;PR
Leonardo Nelson Davi Pereira;45;13/02/1977;Masculino;leonardo_pereira@grupoarteoficio.com.br;60410420;Travessa São Luís;966;Jardim América;Fortaleza;CE
Lorenzo Henrique Aparício;40;27/04/1982;Masculino;lorenzo-aparicio73@indaiamidias.com.br;69084-222;Rua dos Lagos;952;Zumbi dos Palmares;Manaus;AM
Lucca Caleb Marcos Vinicius Rocha;35;09/06/1987;Masculino;luccacalebrocha@belaggiovini.com.br;78052504;Rua Dezesseis;688;Jardim Brasil;Cuiabá;MT
Marcelo Fernando Jesus;49;19/07/1973;Masculino;marcelo-jesus74@torah.com.br;49080220;Avenida Estados Unidos;139;América;Aracaju;SE
Márcio Bento Matheus Mendes;29;14/03/1993;Masculino;marcio-mendes89@montcalm.com.br;75520-180;Rua Lupicínio de Araújo;261;Setor Nossa Senhora da Saúde;Itumbiara;GO
Marina Carolina Stella Melo;61;15/08/1961;Feminino;marina.carolina.melo@pq.cnpq.br;91910-700;Rua Emílio Baldino;530;Camaquã;Porto Alegre;RS
Mirella Natália Pietra Fernandes;44;27/08/1978;Feminino;mirella.natalia.fernandes@ligananet.com.br;16206110;Alameda dos Topázios;264;Residencial De Colores;Birigüi;SP
Nicolas Giovanni Baptista;79;02/08/1943;Masculino;nicolasgiovannibaptista@saa.com.br;29113754;Rua Lucilândia;806;Jardim do Vale;Vila Velha;ES
Otávio Tomás Osvaldo Santos;46;18/05/1976;Masculino;otavio_santos@reval.net;77018409;Quadra 1003 Sul Alameda 23;838;Plano Diretor Sul;Palmas;TO
Raimunda Alana Aparício;33;24/06/1989;Feminino;raimunda_alana_aparicio@mavex.com.br;76813534;Rua Anchieta;889;Mariana;Porto Velho;RO
Raquel Agatha dos Santos;56;19/02/1966;Feminino;raquel_dossantos@original-veiculos.com.br;60877230;Rua F;341;Jangurussu;Fortaleza;CE
Ricardo Benjamin Carvalho;40;01/10/1982;Masculino;ricardobenjamincarvalho@bbcreative.org;58108-012;Rodovia BR-230;262;Renascer;Cabedelo;PB
Roberto Pietro Aragão;27;27/03/1995;Masculino;roberto_aragao@tjrj.jus.br;59110170;Rua Cantagalo;378;Potengi;Natal;RN
Rodrigo Bryan José Monteiro;37;08/03/1985;Masculino;rodrigo_bryan_monteiro@usa.com;68905514;Rua Canal do Perpéto Socorro;192;Perpétuo Socorro;Macapá;AP
Sabrina Vera Emanuelly Porto;27;21/08/1995;Feminino;sabrina_porto@guiamaritimo.com.br;76913569;Rua Tarauacá;930;São Pedro;Ji-Paraná;RO
Sarah Nina da Luz;79;25/08/1943;Feminino;sarah-daluz77@molsanto.com;72551400;Rodovia DF-489;578;Núcleo Rural Alagados (Santa Maria);Brasília;DF
Sebastião Diogo Martins;51;17/04/1971;Masculino;sebastiao_diogo_martins@cafefrossard.com;77420010;Avenida Pioneira;519;Jardim das Bandeiras;Gurupi;TO
Sebastião Yuri Oliver Farias;61;26/01/1961;Masculino;sebastiao-farias96@vetech.vet.br;99066-010;Avenida Mauá;640;Roselândia;Passo Fundo;RS
Silvana Lara Corte Real;50;08/07/1972;Feminino;silvana_lara_cortereal@dafitex.com.br;27286349;Rua Dois;354;São Luís;Volta Redonda;RJ
Silvana Luana Pires;66;23/02/1956;Feminino;silvana-pires97@zipmail.com;96820-860;Rua do Riacho;316;Santo Inácio;Santa Cruz do Sul;RS
Simone Kamilly Bárbara da Cunha;65;13/03/1957;Feminino;simone-dacunha72@sandvik.com;89162129;Rua Otto Keske;388;Rainha;Rio do Sul;SC
Stefany Rosa das Neves;62;06/01/1960;Feminino;stefany_dasneves@prlme.com.br;63030-007;Vila Três Irmãos;352;Limoeiro;Juazeiro do Norte;CE
Thiago Guilherme da Cruz;49;19/09/1973;Masculino;thiago.guilherme.dacruz@doucedoce.com.br;86010720;Rua Colômbia;355;Vila Brasil;Londrina;PR
Vitória Liz Isabelly Alves;22;05/02/2000;Feminino;vitoria.liz.alves@revati.com.br;33944-260;Rua Fernando Francisco de Souza;981;Viena (Justinópolis);Ribeirão das Neves;MG
